Date,iso3,CountryName,Region,lat,lon,CumulativePositive,CumulativeDeceased,CumulativeRecovered,CurrentlyPositive,Hospitalized,IntensiveCare,EUcountry,EUCPMcountry,NUTS
2021-04-16,ALB,Albania,Berat,40.6285,20.090775,6441,89,6330,22,9,0,False,False,AL031
2021-04-16,ALB,Albania,Dibër,,,2493,47,2119,327,2,0,False,False,AL011
2021-04-16,ALB,Albania,Durrës,41.518365,19.651766,10091,220,8740,1131,15,3,False,False,AL012
2021-04-16,ALB,Albania,Elbasan,41.040028,20.186454,8528,240,8090,198,9,2,False,False,AL021
2021-04-16,ALB,Albania,Fier,40.774633,19.620528,11287,233,8813,2241,17,0,False,False,AL032
2021-04-16,ALB,Albania,Gjirokastër,,,4686,57,3648,981,10,0,False,False,AL033
2021-04-16,ALB,Albania,Korçë,40.62883,20.666004,6330,107,5511,712,11,0,False,False,AL034
2021-04-16,ALB,Albania,Kukës,42.066696,20.419467,2808,34,2492,282,2,0,False,False,AL013
2021-04-16,ALB,Albania,Lezhë,41.801452,19.845695,6033,88,5920,25,6,1,False,False,AL014
2021-04-16,ALB,Albania,NOT SPECIFIED,,,,,,0,,,False,False,
2021-04-16,ALB,Albania,Shkodër,42.17682,19.719451,7158,128,6114,916,13,2,False,False,AL015
2021-04-16,ALB,Albania,Tiranë,41.268583,19.793936,54575,972,34572,19031,60,6,False,False,AL022
2021-04-16,ALB,Albania,Vlorë,40.162418,19.793592,8877,122,8251,504,14,0,False,False,AL035
2021-04-16,AND,Andorra,Andorra,42.542268,1.596865,12712,122,,12590,27,,False,False,AD
2021-04-15,AUT,Austria,Burgenland,47.541449,16.520206,16996,297,15705,994,51,26,True,True,AT11
2021-04-15,AUT,Austria,Kärnten,46.715832,14.455532,36613,774,33390,2449,74,15,True,True,AT21
2021-04-15,AUT,Austria,Niederösterreich,48.27051,15.763245,99333,1501,90416,7416,326,123,True,True,AT12
2021-04-15,AUT,Austria,NOT SPECIFIED,,,,,,0,,,True,True,
2021-04-15,AUT,Austria,Oberösterreich,48.138166,13.964295,106196,1526,97830,6840,208,64,True,True,AT31
2021-04-15,AUT,Austria,Salzburg,47.254051,13.032653,46701,559,43939,2203,71,20,True,True,AT32
2021-04-15,AUT,Austria,Steiermark,47.187361,15.518046,70860,1930,64980,3950,240,55,True,True,AT22
2021-04-15,AUT,Austria,Tirol,47.209023,11.397603,56980,662,53770,2548,96,37,True,True,AT33
2021-04-15,AUT,Austria,Vorarlberg,47.240149,9.896366,26041,285,24426,1330,23,10,True,True,AT34
2021-04-15,AUT,Austria,Wien,48.21141,16.380038,125790,2059,106196,17535,497,221,True,True,AT13
2021-04-16,BLR,Belarus,Belarus,53.711111,27.973847,341539,2403,,339136,,,False,False,BY
2021-04-15,BEL,Belgium,Brussels,50.836426,4.367415,116357,3000,,113357,496,156,True,True,BE1
2021-04-15,BEL,Belgium,Flanders,51.036569,4.234165,433555,12096,,421459,1452,451,True,True,BE2
2021-04-15,BEL,Belgium,NOT SPECIFIED,,,17665,0,,17665,0,0,True,True,
2021-04-15,BEL,Belgium,Wallonia,50.312074,5.019093,371732,8540,,363192,1084,323,True,True,BE3
2021-04-16,BIH,Bosnia and Herzegovina,Bosnia and Herzegovina,43.892652,17.670584,188994,7788,145863,35343,,,False,False,BA
2021-04-16,BGR,Bulgaria,Blagoevgrad,41.72282,23.424299,17120,10,10,17100,,,True,True,BG413
2021-04-16,BGR,Bulgaria,Burgas,42.491848,27.306892,25300,1,19,25280,,,True,True,BG341
2021-04-16,BGR,Bulgaria,Dobrich,43.65074,27.936751,6917,0,2,6915,,,True,True,BG332
2021-04-16,BGR,Bulgaria,Gabrovo,42.931879,25.247163,6101,1,2,6098,,,True,True,BG322
2021-04-16,BGR,Bulgaria,Haskovo,41.849113,25.942349,9075,1,7,9067,,,True,True,BG422
2021-04-16,BGR,Bulgaria,Kardzhali,41.527042,25.441477,3970,0,4,3966,,,True,True,BG425
2021-04-16,BGR,Bulgaria,Kyustendil,42.255307,22.869974,8383,3,20,8360,,,True,True,BG415
2021-04-16,BGR,Bulgaria,Lovech,43.035259,24.5688,4965,0,1,4964,,,True,True,BG315
2021-04-16,BGR,Bulgaria,Montana,43.496677,23.192363,5522,0,0,5522,,,True,True,BG312
2021-04-16,BGR,Bulgaria,NOT SPECIFIED,,,0,14834,299679,-314513,,,True,True,
2021-04-16,BGR,Bulgaria,Pazardzhik,42.133682,24.140941,10307,9,18,10280,,,True,True,BG423
2021-04-16,BGR,Bulgaria,Pernik,42.613861,22.853171,7294,0,1,7293,,,True,True,BG414
2021-04-16,BGR,Bulgaria,Pleven,43.486117,24.610919,12442,2,10,12430,,,True,True,BG314
2021-04-16,BGR,Bulgaria,Plovdiv,42.257364,24.824903,33144,5,64,33075,,,True,True,BG421
2021-04-16,BGR,Bulgaria,Razgrad,,,3416,0,0,3416,,,True,True,BG324
2021-04-16,BGR,Bulgaria,Ruse,43.54059,25.759217,12639,0,1,12638,,,True,True,BG323
2021-04-16,BGR,Bulgaria,Shumen,43.296516,27.004814,9017,1,1,9015,,,True,True,BG333
2021-04-16,BGR,Bulgaria,Silistra,43.946163,27.044927,5472,1,2,5469,,,True,True,BG325
2021-04-16,BGR,Bulgaria,Sliven,42.67034,26.241026,9616,11,56,9549,,,True,True,BG342
2021-04-16,BGR,Bulgaria,Smolyan,41.628892,24.668089,4318,4,33,4281,,,True,True,BG424
2021-04-16,BGR,Bulgaria,Sofia City,42.286287,23.616846,101400,56,411,100933,,,True,True,BG411
2021-04-16,BGR,Bulgaria,Sofia Region,,,12097,0,0,12097,,,True,True,BG412
2021-04-16,BGR,Bulgaria,Stara Zagora,42.411912,25.567329,15947,3,0,15944,,,True,True,BG344
2021-04-16,BGR,Bulgaria,Targovishte,,,3391,1,0,3390,,,True,True,BG334
2021-04-16,BGR,Bulgaria,Varna,43.186206,27.59493,28215,0,11,28204,,,True,True,BG331
2021-04-16,BGR,Bulgaria,Veliko Tarnovo,43.189524,25.649275,8437,4,5,8428,,,True,True,BG321
2021-04-16,BGR,Bulgaria,Vidin,43.797295,22.68621,2496,18,14,2464,,,True,True,BG311
2021-04-16,BGR,Bulgaria,Vratsa,43.395067,23.759152,9470,0,2,9468,,,True,True,BG313
2021-04-16,BGR,Bulgaria,Yambol,,,6290,14,18,6258,,,True,True,BG343
2021-04-15,HRV,Croatia,Bjelovarsko-bilogorska,45.739855,16.976657,6518,144,,6374,,,True,True,HR047
2021-04-15,HRV,Croatia,Brodsko-Posavska,45.142404,17.821388,9814,152,,9662,,,True,True,HR04A
2021-04-15,HRV,Croatia,Dubrovačko-neretvanska,42.662368,18.15083,7500,122,,7378,,,True,True,HR037
2021-04-15,HRV,Croatia,Grad Zagreb,45.742196,16.008116,56728,1975,,54753,,,True,True,HR041
2021-04-15,HRV,Croatia,Istarska,45.203521,13.895312,6755,109,,6646,,,True,True,HR036
2021-04-15,HRV,Croatia,Karlovačka,45.292126,15.46427,8911,336,,8575,,,True,True,HR04D
2021-04-15,HRV,Croatia,Koprivničko-križevačka,46.066232,16.571467,6750,192,,6558,,,True,True,HR045
2021-04-15,HRV,Croatia,Krapinsko-zagorska županija,46.09492,15.919072,9922,309,,9613,,,True,True,HR043
2021-04-15,HRV,Croatia,Ličko-senjska,44.69075,15.422344,3544,120,,3424,,,True,True,HR032
2021-04-15,HRV,Croatia,Međimurska,46.410728,16.508315,12036,167,,11869,,,True,True,HR046
2021-04-15,HRV,Croatia,NOT SPECIFIED,,,,,279151,-279151,,,True,True,
2021-04-15,HRV,Croatia,Osječko-baranjska,45.56139,18.442456,17930,769,,17161,,,True,True,HR04B
2021-04-15,HRV,Croatia,Požeško-slavonska,45.404899,17.562893,3257,94,,3163,,,True,True,HR049
2021-04-15,HRV,Croatia,Primorsko-Goranska,45.367738,14.701448,27518,350,,27168,,,True,True,HR031
2021-04-15,HRV,Croatia,Šibensko-kninska,43.89492,16.07332,8439,115,,8324,,,True,True,HR034
2021-04-15,HRV,Croatia,Sisačko-moslavačka,45.365583,16.424137,9989,113,,9876,,,True,True,HR04E
2021-04-15,HRV,Croatia,Splitsko-Dalmatinska,43.613438,16.730085,39490,531,,38959,,,True,True,HR035
2021-04-15,HRV,Croatia,Varaždinska,46.250434,16.293818,17672,416,,17256,,,True,True,HR044
2021-04-15,HRV,Croatia,Virovitičko-podravska,45.831646,17.385543,4014,84,,3930,,,True,True,HR048
2021-04-15,HRV,Croatia,Vukovarsko-srijemska,45.179126,18.877963,8996,165,,8831,,,True,True,HR04C
2021-04-15,HRV,Croatia,Zadarska,44.347845,15.959404,11387,169,,11218,,,True,True,HR033
2021-04-15,HRV,Croatia,Zagrebačka,45.82762,16.381796,23730,10,,23720,,,True,True,HR042
2021-04-14,CYP,Cyprus,Cyprus,35.167406,33.435499,53944,343,40929,12672,1367,,True,True,CY
2021-04-15,CZE,Czech Republic,NOT SPECIFIED,,,1597103,28317,1485924,82862,,,True,True,
2020-09-11,DNK,Denmark,Faroe,62.194921,-7.096614,0,0,,0,,,True,True,FRO
2020-09-11,DNK,Denmark,Greenland,71.702379,-42.177174,0,0,,0,,,True,True,GRL
2021-04-16,DNK,Denmark,Hovedstaden,55.675758,12.56902,,,,0,,,True,True,DK01
2021-04-16,DNK,Denmark,Mainland,56.031924,9.317572,,,,0,,,True,True,
2021-04-16,DNK,Denmark,Midtjylland,56.302139,9.302777,,,,0,,,True,True,DK04
2021-04-16,DNK,Denmark,Nordjylland,56.830742,9.493053,,,,0,,,True,True,DK05
2021-04-16,DNK,Denmark,NOT SPECIFIED,,,241007,2452,230084,8471,185,0,True,True,
2021-04-16,DNK,Denmark,Sjælland,55.92481,11.67126,,,,0,,,True,True,DK02
2021-04-16,DNK,Denmark,Syddanmark,55.675758,12.56902,,,,0,,,True,True,DK03
2021-04-16,EST,Estonia,Estonia,58.596209,25.023778,116678,1070,,115608,,,True,True,EE0
2021-04-16,FIN,Finland,Ahvenanmaa,60.240625,19.966666,352,,,352,,,True,True,FI200
2021-04-16,FIN,Finland,Etelä-Karjala,61.217899,28.550289,1019,,,1019,,,True,True,FI1C5
2021-04-16,FIN,Finland,Etelä-Pohjanmaa,62.833356,23.05691,764,,,764,,,True,True,FI194
2021-04-16,FIN,Finland,Etelä-Savo,61.813578,27.347685,912,,,912,,,True,True,FI1D1
2021-04-16,FIN,Finland,HUS,60.408524,24.7817,49141,,,49141,,,True,True,FI1B1
2021-04-16,FIN,Finland,Itä-Savo,62.073919,28.846114,289,,,289,,,True,True,FI1X1
2021-04-16,FIN,Finland,Kainuu,64.373656,28.743748,280,,,280,,,True,True,FI1D8
2021-04-16,FIN,Finland,Kanta-Häme,60.921424,24.354383,1484,,,1484,,,True,True,FI1C2
2021-04-16,FIN,Finland,Keski-Pohjanmaa,63.626887,24.066596,245,,,245,,,True,True,FI1D5
2021-04-16,FIN,Finland,Keski-Suomi,62.629133,25.476526,2436,,,2436,,,True,True,FI193
2021-04-16,FIN,Finland,Kymenlaakso,60.826543,26.889951,1372,,,1372,,,True,True,FI1C4
2021-04-16,FIN,Finland,Länsi-Pohja,66.133479,24.762611,548,,,548,,,True,True,FI1X2
2021-04-16,FIN,Finland,Lappi,67.847438,26.444542,615,,,615,,,True,True,FI1D7
2021-04-04,FIN,Finland,NOT SPECIFIED,,,,846,,-846,,,True,True,
2021-04-16,FIN,Finland,Päijät-Häme,61.217271,25.721465,2401,,,2401,,,True,True,FI1C3
2021-04-16,FIN,Finland,Pirkanmaa,61.715017,23.913902,4419,,,4419,,,True,True,FI197
2021-04-16,FIN,Finland,Pohjois-Karjala,62.918285,29.941761,663,,,663,,,True,True,FI1D3
2021-04-16,FIN,Finland,Pohjois-Pohjanmaa,64.217762,25.29512,2866,,,2866,,,True,True,FI1D9
2021-04-16,FIN,Finland,Pohjois-Savo,63.173162,27.465765,1203,,,1203,,,True,True,FI1D2
2021-04-16,FIN,Finland,Satakunta,61.527072,22.157717,1507,,,1507,,,True,True,FI196
2021-04-16,FIN,Finland,Vaasa,63.077479,22.196054,2331,,,2331,,,True,True,FI195
2021-04-16,FIN,Finland,Varsinais-Suomi,60.590424,22.623677,8786,,,8786,,,True,True,FI1C1
2020-03-18,FIN,Finland,West North,,,2,0,0,2,,,True,True,
2021-04-15,FRA,France,Auvergne-Rhône-Alpes,45.283026,4.624017,0,10461,43781,-54242,3796,694,True,True,FRK
2021-04-15,FRA,France,Bourgogne-Franche-Comté,47.234197,4.806917,0,4338,16750,-21088,1356,176,True,True,FRC
2021-04-15,FRA,France,Bretagne,48.181767,-2.840778,0,1403,6278,-7681,804,143,True,True,FRH0
2021-04-15,FRA,France,Centre-Val de Loire,47.751569,1.675063,0,2354,9868,-12222,1103,206,True,True,FRB0
2021-04-15,FRA,France,Corse,42.151732,9.105559,0,180,805,-985,93,16,True,True,FRM0
2021-04-15,FRA,France,Grand Est,48.688738,5.613275,0,9266,32885,-42151,2659,502,True,True,FRF
2021-04-15,FRA,France,Guadeloupe,16.192207,-61.272382,0,214,986,-1200,92,23,True,True,FRY1
2021-04-15,FRA,France,Guyane,3.926082,-53.245309,0,91,2296,-2387,41,12,True,True,FRY3
2021-04-15,FRA,France,Hauts-de-France,49.96966,2.770434,0,7868,30877,-38745,3559,710,True,True,FRE
2021-04-15,FRA,France,Île-de-France,48.709229,2.503473,0,17869,81676,-99545,7982,1773,True,True,FR1
2021-04-15,FRA,France,La Réunion,-20.89066,55.455054,0,147,1311,-1458,148,37,True,True,FRY4
2021-04-15,FRA,France,Martinique,14.63554,-61.022814,0,66,544,-610,114,24,True,True,FRY2
2021-04-15,FRA,France,Mayotte,-12.824511,45.165455,0,124,1228,-1352,12,6,True,True,FRY5
2021-04-15,FRA,France,Normandie,48.880101,-0.073045,0,2830,11164,-13994,1515,220,True,True,FRD
2021-04-15,FRA,France,NOT SPECIFIED,,,5248853,,,5248853,,,True,True,
2021-04-15,FRA,France,Nouvelle-Aquitaine,45.479897,0.410462,0,3322,13987,-17309,1321,257,True,True,FRI
2021-04-15,FRA,France,Occitanie,43.703195,2.143601,0,3906,17660,-21566,1871,409,True,True,FRJ
2021-04-15,FRA,France,Pays de la Loire,47.479115,-0.811996,0,2392,10763,-13155,928,143,True,True,FRG0
2021-04-15,FRA,France,Provence-Alpes-Côte d'Azur,43.956994,6.062951,0,7097,34177,-41274,3274,573,True,True,FRL
2021-04-16,DEU,Germany,Baden-Württemberg,48.537648,9.049199,399982,9022,,390960,,,True,True,DE1
2021-04-16,DEU,Germany,Bayern,48.947574,11.419913,546680,13684,,532996,,,True,True,DE2
2021-04-16,DEU,Germany,Berlin,52.501532,13.40185,157017,3142,,153875,,,True,True,DE3
2021-04-16,DEU,Germany,Brandenburg,53.109014,12.140724,95604,3436,,92168,,,True,True,DE4
2021-04-16,DEU,Germany,Bremen,53.108678,8.785951,23116,433,,22683,,,True,True,DE5
2021-04-16,DEU,Germany,Hamburg,53.54464,10.027798,67121,1427,,65694,,,True,True,DE6
2021-04-16,DEU,Germany,Hessen,50.603242,9.031057,240509,6585,,233924,,,True,True,DE7
2021-04-16,DEU,Germany,Mecklenburg-Vorpommern,53.721962,12.496035,35419,921,,34498,,,True,True,DE8
2021-04-16,DEU,Germany,Niedersachsen,52.765527,9.162019,217562,5112,,212450,,,True,True,DE9
2021-04-16,DEU,Germany,Nordrhein-Westfalen,51.479706,7.56208,669472,14813,,654659,,,True,True,DEA
2021-04-16,DEU,Germany,NOT SPECIFIED,,,,,2752000,-2752000,,,True,True,
2020-03-03,DEU,Germany,Repatriierte,,,2,,,2,,,True,True,
2021-04-16,DEU,Germany,Rheinland-Pfalz,49.50932,7.909356,127699,3434,,124265,,,True,True,DEB
2021-04-16,DEU,Germany,Saarland,49.384368,6.953135,34297,942,,33355,,,True,True,DEC
2021-04-16,DEU,Germany,Sachsen,51.052334,13.348561,242330,8697,,233633,,,True,True,DED
2021-04-16,DEU,Germany,Sachsen-Anhalt,52.013193,11.700691,81757,2900,,78857,,,True,True,DEE
2021-04-16,DEU,Germany,Schleswig Holstein,54.0295,9.705555,54508,1473,,53035,,,True,True,DEF
2021-04-16,DEU,Germany,Thüringen,50.903878,11.02488,106200,3607,,102593,,,True,True,DEG
2021-04-15,GRC,Greece,NOT SPECIFIED,,,308006,9239,93764,205003,,,True,True,
2021-04-16,HUN,Hungary,NOT SPECIFIED,,,742198,24762,445920,271516,9459,1117,True,True,
2021-04-15,ISL,Iceland,NOT SPECIFIED,,,6279,29,6170,80,,,False,True,
2021-04-15,IRL,Ireland,Ireland,53.41975,-8.240472,242402,4820,,237582,13919,1476,True,True,IE
2021-04-16,ITA,Italy,Abruzzo,42.228034,13.855137,68948,2315,56737,9896,582,57,True,True,ITF1
2021-04-16,ITA,Italy,Basilicata,40.500665,16.082246,21845,496,15707,5642,186,15,True,True,ITF5
2021-04-16,ITA,Italy,Bolzano,46.697344,11.417082,70247,1155,68825,267,76,13,True,True,ITH1
2021-04-16,ITA,Italy,Calabria,39.225585,16.418474,54017,926,39567,13524,519,45,True,True,ITF6
2021-04-16,ITA,Italy,Campania,41.059945,14.785097,366483,5922,268594,91967,1638,131,True,True,ITF3
2021-04-16,ITA,Italy,Emilia-Romagna,44.536563,11.019909,356159,12557,279482,64120,2678,313,True,True,ITH5
2021-04-16,ITA,Italy,Friuli Venezia Giulia,46.155667,13.058636,102747,3579,89283,9885,475,59,True,True,ITH4
2021-04-16,ITA,Italy,Lazio,41.981132,12.767224,307973,7240,249720,51013,3241,382,True,True,ITI4
2021-04-16,ITA,Italy,Liguria,44.144781,8.140492,95609,4053,84557,6999,678,83,True,True,ITC3
2021-04-16,ITA,Italy,Lombardia,45.622479,9.770824,777191,32146,677650,67395,5859,728,True,True,ITC4
2021-04-16,ITA,Italy,Marche,43.366624,13.106678,93882,2830,83355,7697,718,108,True,True,ITI3
2021-04-16,ITA,Italy,Molise,41.597834,14.548702,12789,461,11680,648,66,15,True,True,ITF2
2021-04-16,ITA,Italy,Piemonte,45.060965,7.926836,332172,10899,297901,23372,3485,292,True,True,ITC1
2021-04-16,ITA,Italy,Puglia,40.984631,16.620464,217428,5410,160424,51594,2178,283,True,True,ITF4
2021-04-16,ITA,Italy,Sardegna,40.090225,9.036223,50872,1307,31824,17741,416,57,True,True,ITG2
2021-04-16,ITA,Italy,Sicilia,37.587635,14.155497,193343,5128,163340,24875,1399,189,True,True,ITG1
2021-04-16,ITA,Italy,Toscana,43.459993,11.136697,214470,5804,182110,26556,1835,278,True,True,ITI1
2021-04-16,ITA,Italy,Trento,46.139153,10.830791,42877,1322,40108,1447,152,33,True,True,ITH2
2021-04-16,ITA,Italy,Umbria,42.966781,12.49094,52979,1315,48089,3575,292,34,True,True,ITI2
2021-04-16,ITA,Italy,Valle d'Aosta,45.732414,7.393651,10299,437,8816,1046,76,14,True,True,ITC2
2021-04-16,ITA,Italy,Veneto,45.664735,11.84235,399749,11064,361206,27479,1560,237,True,True,ITH3
2021-04-04,XKX,Kosovo,NOT SPECIFIED,41.85637,21.803351,97996,1988,,,,,False,False,XK
2021-04-16,LVA,Latvia,Latvia,56.875584,24.607722,110343,2042,,108301,,,True,True,LV0
2021-04-15,LIE,Liechtenstein,Liechtenstein,47.164696,9.555,2780,56,2657,67,,,False,False,LI
2021-04-15,LTU,Lithuania,Lithuania,55.174112,23.906736,231601,3739,209538,18324,,,True,True,LT
2021-04-14,LUX,Luxembourg,Luxembourg,49.815764,6.131514,64549,785,,63764,,,True,True,LU
2021-04-16,MLT,Malta,Malta,35.946151,14.384612,29860,405,28872,583,,,True,True,MT001
2021-04-16,MDA,Moldova,Moldova,46.979527,28.377195,244866,5521,228766,10579,,,False,False,MD
2021-04-15,MCO,Monaco,Monaco,43.738348,7.424451,2387,31,2268,88,,,False,False,MC
2021-04-16,MNE,Montenegro,Montenegro,42.710152,19.410069,95205,1421,,93784,472,,False,True,ME
2021-04-16,NLD,Netherlands,Drenthe,52.863149,6.623756,29012,338,,28674,479,,True,True,NL13
2021-04-16,NLD,Netherlands,Flevoland,52.436257,5.519078,31392,228,,31164,597,,True,True,NL23
2021-04-16,NLD,Netherlands,Friesland,53.089388,5.871457,36221,458,,35763,442,,True,True,NL12
2021-04-16,NLD,Netherlands,Gelderland,52.061726,5.945178,154088,1932,,152156,2764,,True,True,NL22
2021-04-16,NLD,Netherlands,Groningen,53.291466,6.700488,31709,231,,31478,360,,True,True,NL11
2021-04-16,NLD,Netherlands,Limburg,51.207579,5.936318,92100,1543,,90557,2426,,True,True,NL42
2021-04-16,NLD,Netherlands,North Brabant,51.527534,5.590194,220336,3037,,217299,4634,,True,True,NL41
2021-04-16,NLD,Netherlands,North Holland,52.551824,4.876581,238094,2477,,235617,4286,,True,True,NL32
2020-07-17,NLD,Netherlands,NOT SPECIFIED,,,0,6138,0,-6138,11894,0,True,True,
2021-04-16,NLD,Netherlands,Overijssel,52.445136,6.4476,91515,1095,,90420,1247,,True,True,NL21
2021-04-16,NLD,Netherlands,South Holland,51.968696,4.541274,331724,4085,,327639,7292,,True,True,NL33
2021-04-16,NLD,Netherlands,Utrecht,52.078728,5.214048,107527,1218,,106309,2411,,True,True,NL31
2021-04-16,NLD,Netherlands,Zeeland,51.312779,3.786651,23325,231,,23094,660,,True,True,NL34
2021-04-15,MKD,North Macedonia,North Macedonia,41.611,21.751417,145001,4357,120707,19937,,,False,True,MK
2021-04-16,NOR,Norway,Agder,58.699661,7.618403,2772,,,2772,,,False,True,NO04
2021-04-16,NOR,Norway,Innlandet,61.43354,10.427144,4279,,,4279,,,False,True,NO02
2021-04-16,NOR,Norway,Møre og Romsdal,62.543569,8.540539,1623,,,1623,,,False,True,NO053
2021-04-16,NOR,Norway,Nordland,66.679716,14.635752,1443,,,1443,,,False,True,NO071
2021-04-16,NOR,Norway,NOT SPECIFIED,,,,708,,-708,3936,751,False,True,
2021-04-16,NOR,Norway,Oslo,59.979683,10.738335,31518,,,31518,,,False,True,NO011
2020-03-31,NOR,Norway,Outside mainland Norway,,,1,0,0,1,0,0,False,True,
2021-04-16,NOR,Norway,Rogaland,58.58709,6.206792,5602,,,5602,,,False,True,NO043
2021-04-16,NOR,Norway,Troms og Finnmark,70.239335,26.12935,1530,,,1530,,,False,True,NO072
2021-04-16,NOR,Norway,Trøndelag,63.421183,11.529951,3910,,,3910,,,False,True,NO06
2021-04-16,NOR,Norway,Vestfold og Telemark,59.493612,8.722188,5757,,,5757,,,False,True,NO033
2021-04-16,NOR,Norway,Vestland,60.952729,6.513828,8418,,,8418,,,False,True,NO05
2021-04-16,NOR,Norway,Viken,60.020274,9.849655,37520,,,37520,,,False,True,NO012
2021-04-16,POL,Poland,NOT SPECIFIED,,,2660088,61208,2255232,343648,,,True,True,
2021-04-16,PRT,Portugal,Açores,37.775525,-25.494927,4474,29,,4445,,,True,True,PT20
2021-04-16,PRT,Portugal,Alentejo,38.485499,-8.006668,29511,970,,28541,,,True,True,PT18
2021-04-16,PRT,Portugal,Algarve,37.218389,-8.198488,21301,355,,20946,,,True,True,PT15
2021-04-16,PRT,Portugal,Centro,40.111812,-8.012768,118027,3005,,115022,,,True,True,PT16
2020-03-27,PRT,Portugal,Estrageiro,,,21,0,0,21,0,0,True,True,
2021-04-16,PRT,Portugal,Lisbon,38.623843,-8.88436,314370,7180,,307190,,,True,True,PT17
2021-04-16,PRT,Portugal,Madeira,32.736252,-16.972663,8944,68,,8876,,,True,True,PT30
2021-04-16,PRT,Portugal,Norte,41.457206,-7.678153,333284,5330,,327954,,,True,True,PT11
2021-04-16,PRT,Portugal,NOT SPECIFIED,,,,,787607,-787607,429,101,True,True,
2021-04-16,ROU,Romania,Alba,46.172367,23.487279,19761,,,19761,,,True,True,RO121
2021-04-16,ROU,Romania,Arad,46.273235,21.758454,22394,,,22394,,,True,True,RO421
2021-04-16,ROU,Romania,Argeș,45.072253,24.814273,25601,,,25601,,,True,True,RO311
2021-04-16,ROU,Romania,Bacău,46.42171,26.773519,24872,,,24872,,,True,True,RO211
2021-04-16,ROU,Romania,Bihor,46.942178,22.210795,27163,,,27163,,,True,True,RO111
2021-04-16,ROU,Romania,Bistrița-Năsăud,47.237306,24.522034,11153,,,11153,,,True,True,RO112
2021-04-16,ROU,Romania,Botoșani,47.85927,26.763139,13529,,,13529,,,True,True,RO212
2021-04-16,ROU,Romania,Brăila,45.0878,27.673222,12512,,,12512,,,True,True,RO221
2021-04-16,ROU,Romania,Brașov,45.765228,25.302188,41705,,,41705,,,True,True,RO122
2021-04-16,ROU,Romania,București,44.442674,26.08861,173966,,,173966,,,True,True,RO321
2021-04-16,ROU,Romania,Buzău,45.245475,26.750309,11766,,,11766,,,True,True,RO222
2021-04-16,ROU,Romania,Călărași,44.313456,27.020712,9532,,,9532,,,True,True,RO312
2021-04-16,ROU,Romania,Caraș-Severin,45.150492,22.042977,10334,,,10334,,,True,True,RO422
2021-04-16,ROU,Romania,Cluj,46.812237,23.53594,54244,,,54244,,,True,True,RO113
2021-04-16,ROU,Romania,Costanza,44.244926,28.247767,41061,,,41061,,,True,True,RO223
2021-04-16,ROU,Romania,Covasna,45.938093,25.990767,7810,,,7810,,,True,True,RO123
2021-04-16,ROU,Romania,Dâmbovița,44.864944,25.496775,21658,,,21658,,,True,True,RO313
2021-04-16,ROU,Romania,Dolj,44.140792,23.613526,25296,,,25296,,,True,True,RO411
2021-04-16,ROU,Romania,Galați,45.792748,27.75769,26035,,,26035,,,True,True,RO224
2021-04-16,ROU,Romania,Giurgiu,44.144127,25.881413,10491,,,10491,,,True,True,RO314
2021-04-16,ROU,Romania,Gorj,45.004246,23.322863,8962,,,8962,,,True,True,RO412
2021-04-16,ROU,Romania,Harghita,46.549997,25.558475,7547,,,7547,,,True,True,RO124
2021-04-16,ROU,Romania,Hunedoara,45.753652,22.938806,21687,,,21687,,,True,True,RO423
2021-04-16,ROU,Romania,Iași,47.221224,27.311502,10272,,,10272,,,True,True,RO213
2021-04-16,ROU,Romania,Ialomița,44.627356,27.256013,40748,,,40748,,,True,True,RO315
2021-04-16,ROU,Romania,Ilfov,44.286638,26.144699,42991,,,42991,,,True,True,RO322
2021-04-16,ROU,Romania,Maramureș,47.671302,23.981463,19857,,,19857,,,True,True,RO114
2021-04-16,ROU,Romania,Mehedinți,44.365324,22.737138,7764,,,7764,,,True,True,RO413
2021-04-16,ROU,Romania,Mureș,46.609503,24.697133,22252,,,22252,,,True,True,RO125
2021-04-16,ROU,Romania,Neamț,46.969735,26.375809,17700,,,17700,,,True,True,RO214
2021-04-16,ROU,Romania,NOT SPECIFIED,,,,25937,,-25937,,,True,True,
2021-04-16,ROU,Romania,Olt,44.272504,24.439351,13788,,,13788,,,True,True,RO414
2021-04-16,ROU,Romania,Prahova,45.114672,26.015788,32532,,,32532,,,True,True,RO316
2021-04-16,ROU,Romania,Sălaj,47.18438,23.106887,10316,,,10316,,,True,True,RO116
2021-04-16,ROU,Romania,Satu Mare,47.705953,22.898922,12490,,,12490,,,True,True,RO115
2021-04-16,ROU,Romania,Sibiu,45.85906,24.245264,24866,,,24866,,,True,True,RO126
2021-04-16,ROU,Romania,Suceava,47.637703,25.82751,23517,,,23517,,,True,True,RO215
2021-04-16,ROU,Romania,Teleorman,44.027822,25.197899,12825,,,12825,,,True,True,RO317
2021-04-16,ROU,Romania,Timiș,45.743832,21.377998,51991,,,51991,,,True,True,RO424
2021-04-16,ROU,Romania,Tulcea,44.986929,28.858105,7947,,,7947,,,True,True,RO225
2021-04-16,ROU,Romania,Vâlcea,45.096033,24.110629,15506,,,15506,,,True,True,RO415
2021-04-16,ROU,Romania,Vaslui,46.526869,27.769395,15398,,,15398,,,True,True,RO216
2021-04-16,ROU,Romania,Vrancea,45.788059,26.980214,10013,,,10013,,,True,True,RO226
2021-04-16,RUS,Russian Fed.,Adygea,44.448835,40.254013,14275,170,13728,377,,,False,False,RU01
2021-04-16,RUS,Russian Fed.,Altai,52.477021,83.868816,48535,1974,43510,3051,,,False,False,RU02
2021-04-16,RUS,Russian Fed.,Altai Republic,,,16761,213,16443,105,,,False,False,
2021-04-16,RUS,Russian Fed.,Amur,53.418482,127.711639,22134,267,21181,686,,,False,False,RU03
2021-04-16,RUS,Russian Fed.,Arkhangelsk,63.448461,43.404188,60961,884,56862,3215,,,False,False,RU04
2021-04-16,RUS,Russian Fed.,Astrakhan,47.116641,47.337406,31869,704,30436,729,,,False,False,RU05
2021-04-16,RUS,Russian Fed.,Bashkortostan,54.282013,56.528301,34002,412,30522,3068,,,False,False,RU06
2021-04-16,RUS,Russian Fed.,Belgorod,50.881793,37.359083,35634,600,33608,1426,,,False,False,RU07
2021-04-16,RUS,Russian Fed.,Bryansk,52.910301,33.406285,37045,296,36190,559,,,False,False,RU08
2021-04-16,RUS,Russian Fed.,Buryatia,54.550455,112.36994,36716,815,35272,629,,,False,False,RU09
2021-04-16,RUS,Russian Fed.,Chechnya,43.26872,45.799182,11843,118,11552,173,,,False,False,RU10
2021-04-16,RUS,Russian Fed.,Chelyabinsk,54.475139,60.413177,57334,1338,52854,3142,,,False,False,RU11
2021-04-16,RUS,Russian Fed.,Chukotka,,,742,6,733,3,,,False,False,RU81
2021-04-16,RUS,Russian Fed.,Chuvashia,55.507419,47.102483,23488,1305,21406,777,,,False,False,RU13
2021-04-16,RUS,Russian Fed.,Dagestan,43.035568,46.873874,31731,1428,29368,935,,,False,False,RU15
2021-04-16,RUS,Russian Fed.,Ingushetia,43.40517,44.8203,15276,184,13535,1557,,,False,False,RU16
2021-04-16,RUS,Russian Fed.,Irkutsk,57.084283,106.290867,64195,2137,61184,874,,,False,False,RU17
2021-04-16,RUS,Russian Fed.,Ivanovo,56.999219,41.726645,33562,1108,32198,256,,,False,False,RU18
2021-04-16,RUS,Russian Fed.,Jewish AO,48.480815,131.765737,4460,125,4270,65,,,False,False,RU79
2021-04-16,RUS,Russian Fed.,Kabardino-Balkaria,43.346964,43.521389,23382,433,22460,489,,,False,False,RU19
2021-04-16,RUS,Russian Fed.,Kaliningrad,54.706026,21.456853,31007,359,28917,1731,,,False,False,RU20
2021-04-16,RUS,Russian Fed.,Kalmykia,46.421462,45.383808,20259,329,19491,439,,,False,False,RU21
2021-04-16,RUS,Russian Fed.,Kaluga,54.355521,35.465025,33290,300,31218,1772,,,False,False,RU22
2021-04-16,RUS,Russian Fed.,Kamchatka,61.434398,166.788413,14323,213,13636,474,,,False,False,RU23
2021-04-16,RUS,Russian Fed.,Karachay-Cherkessia,43.884514,41.730394,19886,73,19796,17,,,False,False,RU24
2021-04-16,RUS,Russian Fed.,Kemerovo,54.775411,87.209993,34155,642,33194,319,,,False,False,RU26
2021-04-16,RUS,Russian Fed.,Khabarovsk,50.88285,138.828598,51316,367,49038,1911,,,False,False,RU27
2021-04-16,RUS,Russian Fed.,Khakassia,53.363558,89.854091,22082,517,21381,184,,,False,False,RU28
2021-04-16,RUS,Russian Fed.,Khanty-Mansi AO,61.853095,70.345732,55198,788,53863,547,,,False,False,RU29
2021-04-16,RUS,Russian Fed.,Kirov,58.699332,49.846004,41067,335,37899,2833,,,False,False,RU30
2021-04-16,RUS,Russian Fed.,Komi Republic,64.131117,54.772128,42630,857,41448,325,,,False,False,RU31
2021-04-16,RUS,Russian Fed.,Kostroma,58.452918,43.818089,20245,420,17495,2330,,,False,False,RU32
2021-04-16,RUS,Russian Fed.,Krasnodar,44.412298,39.233582,44064,2510,38685,2869,,,False,False,RU33
2021-04-16,RUS,Russian Fed.,Krasnoyarsk,67.008246,95.991218,68717,3345,63432,1940,,,False,False,RU34
2021-04-16,RUS,Russian Fed.,Kurgan,55.471375,64.816337,19851,365,18298,1188,,,False,False,RU35
2021-04-16,RUS,Russian Fed.,Kursk,51.702506,36.127326,35396,643,32543,2210,,,False,False,RU36
2021-04-16,RUS,Russian Fed.,Leningrad,59.999111,31.74764,41356,1066,38719,1571,,,False,False,RU37
2021-04-16,RUS,Russian Fed.,Lipetsk,52.634465,39.187179,28890,595,25620,2675,,,False,False,RU38
2021-04-16,RUS,Russian Fed.,Magadan,62.70596,154.035695,8290,99,8104,87,,,False,False,RU39
2021-04-16,RUS,Russian Fed.,Mari El,56.601523,47.942953,12838,220,12125,493,,,False,False,RU40
2021-04-16,RUS,Russian Fed.,Mordovia,54.520508,45.58471,19626,227,17637,1762,,,False,False,RU41
2021-04-16,RUS,Russian Fed.,Moscow,55.644315,37.666104,1300161,23158,1167373,109630,,,False,False,RU42
2021-04-16,RUS,Russian Fed.,Murmansk,67.805244,34.572247,49973,1132,47419,1422,,,False,False,RU43
2021-04-16,RUS,Russian Fed.,Nenets,,,1093,4,1039,50,,,False,False,
2021-04-16,RUS,Russian Fed.,Nizhny Novgorod,56.279395,44.645749,111322,3003,106314,2005,,,False,False,RU44
2021-04-16,RUS,Russian Fed.,North Ossetia-Alania,43.053883,44.325278,16577,187,15785,605,,,False,False,RU45
2020-05-11,RUS,Russian Fed.,NOT SPECIFIED,,,0,2116,0,-2116,0,0,False,False,
2021-04-16,RUS,Russian Fed.,Novgorod,58.280449,32.556615,29353,121,26871,2361,,,False,False,RU46
2021-04-16,RUS,Russian Fed.,Novosibirsk,55.268094,79.765183,40043,1700,37295,1048,,,False,False,RU47
2021-04-16,RUS,Russian Fed.,Omsk,56.091609,73.362497,44848,1353,41988,1507,,,False,False,RU48
2021-04-16,RUS,Russian Fed.,Orenburg,52.670841,53.546526,41331,795,37520,3016,,,False,False,RU50
2021-04-16,RUS,Russian Fed.,Oryol,52.792407,36.484837,33379,530,30933,1916,,,False,False,RU49
2021-04-16,RUS,Russian Fed.,Penza,53.186558,44.659811,43626,584,41034,2008,,,False,False,RU51
2021-04-16,RUS,Russian Fed.,Perm,59.150725,56.240625,53011,2068,47806,3137,,,False,False,RU52
2021-04-16,RUS,Russian Fed.,Primorsky,45.185147,134.763918,43097,702,40444,1951,,,False,False,RU53
2021-04-16,RUS,Russian Fed.,Pskov,57.223881,29.258821,35327,296,24782,10249,,,False,False,RU54
2021-04-16,RUS,Russian Fed.,Republic of Crimea,45.332961,34.380235,52812,1736,49029,2047,,,False,False,RU58
2021-04-16,RUS,Russian Fed.,Republic of Karelia,63.15587,32.990555,44955,431,42910,1614,,,False,False,RU25
2021-04-16,RUS,Russian Fed.,Rostov,47.737084,41.33971,84677,3868,75902,4907,,,False,False,RU55
2021-04-16,RUS,Russian Fed.,Ryazan,54.306865,40.654571,27123,413,25371,1339,,,False,False,RU56
2021-04-16,RUS,Russian Fed.,Saint Petersburg,59.771022,30.094098,405924,12750,361875,31299,,,False,False,RU14
2021-04-16,RUS,Russian Fed.,Sakhalin,50.334829,142.702744,22277,40,21886,351,,,False,False,RU57
2021-04-16,RUS,Russian Fed.,Samara,53.288173,50.470943,58903,1310,55822,1771,,,False,False,RU59
2021-04-16,RUS,Russian Fed.,Saratov,51.590364,46.830634,57123,886,51689,4548,,,False,False,RU60
2021-04-16,RUS,Russian Fed.,Smolensk,54.928337,33.012683,28732,815,27369,548,,,False,False,RU61
2021-04-16,RUS,Russian Fed.,Stavropol,44.927805,43.400088,51853,1293,48903,1657,,,False,False,RU62
2021-04-16,RUS,Russian Fed.,Sverdlovsk,58.614763,61.561667,84588,2909,78112,3567,,,False,False,RU63
2021-04-16,RUS,Russian Fed.,Tambov,52.657489,41.637192,30715,443,28111,2161,,,False,False,RU64
2021-04-16,RUS,Russian Fed.,Tatarstan,55.380928,50.93665,19964,442,17088,2434,,,False,False,RU65
2021-04-16,RUS,Russian Fed.,Tomsk,58.476777,82.134382,31778,377,30841,560,,,False,False,RU66
2021-04-16,RUS,Russian Fed.,Tula,53.879118,37.584039,37633,1710,35277,646,,,False,False,RU67
2021-04-16,RUS,Russian Fed.,Tuva,94.79304,51.591419,15785,200,15194,391,,,False,False,RU68
2021-04-16,RUS,Russian Fed.,Tver,57.063361,34.74855,38872,801,36922,1149,,,False,False,RU69
2021-04-16,RUS,Russian Fed.,Tyumen,57.665236,69.167506,34434,433,32670,1331,,,False,False,RU70
2021-04-16,RUS,Russian Fed.,Udmurtia,57.189719,52.811319,31869,783,28480,2606,,,False,False,RU71
2021-04-16,RUS,Russian Fed.,Ulyanovsk,53.904749,47.963072,52240,1070,49263,1907,,,False,False,RU72
2021-04-16,RUS,Russian Fed.,Vladimir,55.994787,40.691957,31072,1049,28323,1700,,,False,False,RU73
2021-04-16,RUS,Russian Fed.,Volgograd,49.599612,44.184682,55401,1030,53009,1362,,,False,False,RU74
2021-04-16,RUS,Russian Fed.,Vologda,59.970929,40.523416,43981,952,40988,2041,,,False,False,RU75
2021-04-16,RUS,Russian Fed.,Voronezh,50.959752,40.309955,78220,2523,73098,2599,,,False,False,RU76
2021-04-16,RUS,Russian Fed.,Yakutia,65.300749,134.148224,34048,583,32865,600,,,False,False,RU12
2021-04-16,RUS,Russian Fed.,Yamalo-Nenets AO,65.264795,74.023346,38303,412,37025,866,,,False,False,RU77
2021-04-16,RUS,Russian Fed.,Yaroslavl,57.862116,39.167901,37476,507,35690,1279,,,False,False,RU78
2021-04-16,RUS,Russian Fed.,Zabaykalsky,52.83932,116.196137,41818,609,40391,818,,,False,False,RU80
2021-04-15,SMR,San Marino,San Marino,43.942973,12.460035,5010,86,4671,253,,,False,False,SM
2021-04-15,SRB,Serbia,Serbia,44.206802,20.911009,654870,5881,0,648989,,,False,True,
2021-04-16,SVK,Slovakia,Banská Bystrica,48.51568,19.499999,36352,,,36352,,,True,True,SK032
2021-04-16,SVK,Slovakia,Bratislava,48.319003,17.17481,43041,,,43041,,,True,True,SK010
2021-04-16,SVK,Slovakia,Košice,48.771358,20.721931,50248,,,50248,,,True,True,SK042
2021-04-16,SVK,Slovakia,Nitra,48.140652,18.30311,38173,,,38173,,,True,True,SK023
2021-04-16,SVK,Slovakia,NOT SPECIFIED,,,,10970,,-10970,1946,180,True,True,
2021-04-16,SVK,Slovakia,Prešov,49.126441,21.221321,56697,,,56697,,,True,True,SK041
2021-04-16,SVK,Slovakia,Trencín,48.858564,18.202196,50960,,,50960,,,True,True,SK022
2021-04-16,SVK,Slovakia,Trnava,48.222651,17.707847,44299,,,44299,,,True,True,SK021
2021-04-16,SVK,Slovakia,Zilina,49.178517,19.167163,54816,,,54816,,,True,True,SK031
2020-04-15,SVN,Slovenia,Gorenjske,46.304671,14.137367,0,0,0,0,0,0,True,True,SI042
2020-04-15,SVN,Slovenia,Goriške,46.097666,13.774357,0,0,0,0,0,0,True,True,SI043
2020-04-15,SVN,Slovenia,Jugovzhodne,45.711878,15.012014,0,0,0,0,0,0,True,True,SI037
2020-04-15,SVN,Slovenia,Koroške,46.533032,15.087509,0,0,0,0,0,0,True,True,SI033
2021-04-15,SVN,Slovenia,NOT SPECIFIED,,,230811,4432,12272,214107,639,152,True,True,
2020-04-15,SVN,Slovenia,Obalno-kraške,45.62157,13.972922,0,0,0,0,0,0,True,True,SI044
2020-04-15,SVN,Slovenia,Osrednjeslovenske,46.029176,14.58787,0,0,0,0,0,0,True,True,SI041
2020-04-15,SVN,Slovenia,Podravske,46.474579,15.744954,0,0,0,0,0,0,True,True,SI032
2020-04-15,SVN,Slovenia,Pomurske,46.669889,16.174305,0,0,0,0,0,0,True,True,SI031
2020-04-15,SVN,Slovenia,Posavske,45.959782,15.434177,0,0,0,0,0,0,True,True,SI036
2020-04-15,SVN,Slovenia,Primorsko-notranjske,45.691165,14.290304,0,0,0,0,0,0,True,True,SI038
2020-04-15,SVN,Slovenia,Savinjske,46.263351,15.195189,0,0,0,0,0,0,True,True,SI034
2020-04-15,SVN,Slovenia,Zasavske,46.133255,15.086872,0,0,0,0,0,0,True,True,SI035
2021-04-15,ESP,Spain,Andalucía,37.46363,-4.573552,527997,9393,,518604,42342,4465,True,True,ES61
2021-04-15,ESP,Spain,Aragón,41.519884,-0.660302,114218,3391,,110827,13252,1244,True,True,ES24
2021-04-15,ESP,Spain,Canarias,28.291062,-16.55631,50040,706,,49334,4955,1004,True,True,ES70
2021-04-15,ESP,Spain,Cantabria,43.196326,-4.034401,27135,550,,26585,2908,405,True,True,ES13
2021-04-15,ESP,Spain,Castilla y León,41.751205,-4.788185,217954,6696,,211258,26204,2089,True,True,ES41
2021-04-15,ESP,Spain,Castilla-La Mancha,39.254442,-3.160863,180022,5802,,174220,18671,1368,True,True,ES42
2021-04-15,ESP,Spain,Cataluña,41.798,1.528534,557288,13815,,543473,39686,3319,True,True,ES51
2021-04-15,ESP,Spain,Ciudad Autónoma de Ceuta,35.895759,-5.358194,5573,99,,5474,339,46,True,True,ES63
2021-04-15,ESP,Spain,Ciudad Autónoma de Melilla,35.298249,-2.948653,8349,86,,8263,632,102,True,True,ES64
2021-04-15,ESP,Spain,Comunidad de Madrid,40.494962,-3.716057,652021,14785,,637236,94026,6945,True,True,ES30
2021-04-15,ESP,Spain,Comunidad Foral de Navarra,42.667549,-1.647658,57378,1134,,56244,5548,520,True,True,ES22
2021-04-15,ESP,Spain,Comunidad Valenciana,39.390435,-0.543007,387993,7195,,380798,33749,3219,True,True,ES52
2021-04-15,ESP,Spain,Extremadura,39.191409,-6.150692,72713,1774,,70939,5881,516,True,True,ES43
2021-04-15,ESP,Spain,Galicia,42.757079,-7.910384,118929,2358,,116571,12879,1725,True,True,ES11
2021-04-15,ESP,Spain,Illes Balears,39.613452,2.956607,58477,780,,57697,4532,690,True,True,ES53
2021-04-15,ESP,Spain,La Rioja,42.275075,-2.517177,28634,752,,27882,3287,376,True,True,ES23
2021-04-15,ESP,Spain,País Vasco,43.032149,-2.62166,173185,4064,,169121,13635,1164,True,True,ES21
2021-04-15,ESP,Spain,Principado de Asturias,43.292312,-5.992988,49119,1925,,47194,8137,636,True,True,ES12
2021-04-15,ESP,Spain,Región de Murcia,38.002069,-1.485219,109660,1577,,108083,8861,1150,True,True,ES62
2021-04-15,SWE,Sweden,Blekinge,56.279696,15.193246,10095,,,10095,,,True,True,SE221
2021-04-15,SWE,Sweden,Dalarna,60.952955,14.350603,21657,,,21657,,,True,True,SE312
2021-04-15,SWE,Sweden,Gävleborg,61.440899,16.291105,31127,,,31127,,,True,True,SE313
2021-04-15,SWE,Sweden,Gotland,57.487051,18.510063,3358,,,3358,,,True,True,SE214
2021-04-15,SWE,Sweden,Halland,56.953555,12.842898,35796,,,35796,,,True,True,SE231
2021-04-15,SWE,Sweden,Jämtland,63.251956,14.312747,9873,,,9873,,,True,True,SE322
2021-04-15,SWE,Sweden,Jönköping,57.499911,14.436577,36848,,,36848,,,True,True,SE211
2021-04-15,SWE,Sweden,Kalmar,57.245033,16.053939,18209,,,18209,,,True,True,SE213
2021-04-15,SWE,Sweden,Kronoberg,56.786938,14.574736,16875,,,16875,,,True,True,SE212
2021-04-15,SWE,Sweden,Norrbotten,66.954122,20.083057,18992,,,18992,,,True,True,SE332
2021-04-15,SWE,Sweden,NOT SPECIFIED,,,,13788,,-13788,,6487,True,True,
2021-04-15,SWE,Sweden,Örebro,59.350249,14.974992,25670,,,25670,,,True,True,SE124
2021-04-15,SWE,Sweden,Östergötland,58.354622,15.661533,31885,,,31885,,,True,True,SE123
2021-04-15,SWE,Sweden,Skåne,55.948711,13.596415,133098,,,133098,,,True,True,SE224
2021-04-15,SWE,Sweden,Södermanland,59.077751,16.685977,20681,,,20681,,,True,True,SE122
2021-04-15,SWE,Sweden,Stockholm,59.370877,17.711874,214510,,,214510,,,True,True,SE11
2021-04-15,SWE,Sweden,Uppsala,60.039134,17.672887,33436,,,33436,,,True,True,SE121
2021-04-15,SWE,Sweden,Värmland,59.768908,13.153806,14852,,,14852,,,True,True,SE311
2021-04-15,SWE,Sweden,Västerbotten,64.862069,17.819194,19575,,,19575,,,True,True,SE331
2021-04-15,SWE,Sweden,Västernorrland,63.096635,17.251241,20861,,,20861,,,True,True,SE321
2021-04-15,SWE,Sweden,Västmanland,59.801595,16.318208,22996,,,22996,,,True,True,SE125
2021-04-15,SWE,Sweden,Västra Götaland,58.303302,12.891496,159744,,,159744,,,True,True,SE232
2021-04-16,CHE,Switzerland,Aargau,47.410914,8.159107,42691,672,35180,6839,81,15,False,False,CH033
2021-04-16,CHE,Switzerland,Appenzell Ausserrhoden,47.387404,9.413371,2867,50,0,2817,18,1,False,False,CH053
2021-04-16,CHE,Switzerland,Appenzell Innerrhoden,47.308617,9.403544,948,15,0,933,1,0,False,False,CH054
2021-04-16,CHE,Switzerland,Basel City,47.561925,7.592768,11262,197,10701,364,44,8,False,False,CH031
2021-04-16,CHE,Switzerland,Basel Country,47.441812,7.7644,15852,217,14928,707,20,2,False,False,CH032
2021-04-16,CHE,Switzerland,Bern,46.825006,7.626925,59776,1038,0,58738,0,0,False,False,CH021
2021-04-16,CHE,Switzerland,Fribourg,46.710334,7.09922,29749,478,883,28388,23,7,False,False,CH022
2021-04-16,CHE,Switzerland,Geneva,46.217114,6.131255,53522,728,0,52794,79,12,False,False,CH013
2021-04-16,CHE,Switzerland,Glarus,46.980518,9.065544,2438,71,0,2367,9,0,False,False,CH051
2021-04-16,CHE,Switzerland,Graubünden,46.658176,9.629923,12220,184,0,12036,18,3,False,False,CH056
2021-04-16,CHE,Switzerland,Jura,47.368327,7.198733,6159,144,0,6015,6,2,False,False,CH025
2021-04-16,CHE,Switzerland,Liechtenstein,47.164696,9.555,2790,56,2657,77,5,0,False,False,LI
2021-04-16,CHE,Switzerland,Lucerne,47.06883,8.116991,25168,312,0,24856,49,0,False,False,CH061
2021-04-16,CHE,Switzerland,Neuchâtel,46.997282,6.782288,15660,397,0,15263,19,3,False,False,CH024
2021-04-16,CHE,Switzerland,Nidwalden,46.922198,8.419375,2336,19,0,2317,5,1,False,False,CH065
2021-04-16,CHE,Switzerland,Obwalden,46.857772,8.209745,2165,39,0,2126,3,0,False,False,CH064
2021-04-16,CHE,Switzerland,Schaffhausen,47.721853,8.563863,4155,75,0,4080,10,4,False,False,CH052
2021-04-16,CHE,Switzerland,Schwyz,47.06411,8.761568,10597,217,10015,365,0,0,False,False,CH063
2021-04-16,CHE,Switzerland,Solothurn,47.336648,7.686944,15887,263,0,15624,22,7,False,False,CH023
2021-04-16,CHE,Switzerland,St. Gallen,47.305025,9.019368,37982,700,0,37282,45,10,False,False,CH055
2021-04-16,CHE,Switzerland,Thurgau,47.567205,9.112572,16971,432,986,15553,32,15,False,False,CH057
2021-04-16,CHE,Switzerland,Ticino,46.297963,8.808447,31320,980,3205,27135,87,14,False,False,CH07
2021-04-16,CHE,Switzerland,Uri,46.775402,8.627444,2491,46,0,2445,8,0,False,False,CH062
2021-04-16,CHE,Switzerland,Valais,46.211633,7.611267,35060,765,0,34295,37,11,False,False,CH012
2021-04-16,CHE,Switzerland,Vaud,46.56176,6.648929,76980,980,0,76000,162,31,False,False,CH011
2021-04-16,CHE,Switzerland,Zug,47.161402,8.538864,7664,114,7355,195,8,2,False,False,CH066
2021-04-16,CHE,Switzerland,Zurich,47.417407,8.655988,101505,1357,0,100148,208,63,False,False,CH040
2021-04-15,TUR,Turkey,Turkey,38.961515,35.25175,4086957,35031,3535040,516886,,,False,True,TU
2021-04-16,UKR,Ukraine,NOT SPECIFIED,,,1921244,39096,1465820,416328,,,False,False,
2021-04-15,GBR,United Kingdom,Ayrshire and Arran,55.426356,-4.533604,16729,,0,16729,,,False,True,UKM93
2021-04-15,GBR,United Kingdom,Borders,55.572787,-2.786355,2879,,0,2879,,,False,True,UKM91
2021-04-15,GBR,United Kingdom,Dumfries and Galloway,55.076034,-3.953164,4143,,0,4143,,,False,True,UKM92
2021-04-15,GBR,United Kingdom,East of England,52.248898,0.548756,386064,,0,386064,,,False,True,UKH
2021-04-15,GBR,United Kingdom,Eileanan Siar (Western Isles),57.759892,-7.019403,294,,0,294,,,False,True,UKM64
2021-04-15,GBR,United Kingdom,England,,,36212,111887,0,-75675,,,False,True,UK
2021-04-15,GBR,United Kingdom,Fife,56.228968,-3.118568,11187,,0,11187,,,False,True,UKM72
2021-04-15,GBR,United Kingdom,Forth Valley,56.211063,-4.237248,12447,,0,12447,,,False,True,UKM76
2021-04-15,GBR,United Kingdom,Grampian,57.299016,-2.780773,14707,,0,14707,,,False,True,UKM50
2021-04-15,GBR,United Kingdom,Greater Glasgow and Clyde,55.88154,-4.438215,69087,,0,69087,,,False,True,UKM82
2021-04-15,GBR,United Kingdom,Highland,57.363501,-4.733034,5072,,0,5072,,,False,True,UKM6
2021-04-15,GBR,United Kingdom,Lanarkshire,55.666656,-3.832477,40523,,0,40523,,,False,True,UKD4
2021-04-15,GBR,United Kingdom,London,51.497136,-0.100571,714735,,0,714735,,,False,True,UKI
2021-04-15,GBR,United Kingdom,Lothian,55.946009,-2.728265,31028,,0,31028,,,False,True,UKM75
2021-04-15,GBR,United Kingdom,Midlands,52.718351,-1.45667,752985,,0,752985,,,False,True,UKF
2021-04-15,GBR,United Kingdom,North East and Yorkshire,54.022719,-1.268789,580138,,0,580138,,,False,True,UKC
2021-04-15,GBR,United Kingdom,North West,53.524488,-2.333125,602907,,0,602907,,,False,True,UKD
2021-04-15,GBR,United Kingdom,Northern Ireland,54.787715,-6.492314,118732,2132,0,116600,,,False,True,UKN
2020-08-02,GBR,United Kingdom,NOT SPECIFIED,,,10,0,0,10,,,False,True,
2021-04-15,GBR,United Kingdom,Orkney,58.98094,-2.960521,71,,0,71,,,False,True,UKM65
2021-04-15,GBR,United Kingdom,Scotland,56.490671,-4.202646,0,7637,0,-7637,,,False,True,UKM
2021-04-15,GBR,United Kingdom,Shetland,60.29623,-1.346738,235,,0,235,,,False,True,UKM66
2021-04-15,GBR,United Kingdom,South East,51.291417,-0.521902,536376,,0,536376,,,False,True,UKJ
2021-04-15,GBR,United Kingdom,South West,51.239761,-2.54375,219249,,0,219249,,,False,True,UKK
2021-04-15,GBR,United Kingdom,Tayside,56.610323,-3.555213,14495,,0,14495,,,False,True,UKM71
2021-04-15,GBR,United Kingdom,Wales,52.302413,-3.738347,210681,5535,0,205146,,,False,True,UKL
